[
  {
    "id": "152cbaed-c402-445d-8746-f47dd3bc5d62",
    "data": [
      {
        "text": "can I check the past records of mine.",
        "userDefined": false
      }
    ],
    "isTemplate": false,
    "count": 0,
    "lang": "en",
    "updated": 0
  },
  {
    "id": "4fb641c9-16a3-4d5c-ad16-80278fefa69b",
    "data": [
      {
        "text": "May i know the reports of mine",
        "userDefined": false
      }
    ],
    "isTemplate": false,
    "count": 0,
    "lang": "en",
    "updated": 0
  }
]