[
  {
    "id": "c01fa5bf-969e-4366-a839-155eac88cc0c",
    "data": [
      {
        "text": "i am here to check my diabetic levels",
        "userDefined": false
      }
    ],
    "isTemplate": false,
    "count": 0,
    "lang": "en",
    "updated": 0
  },
  {
    "id": "6b100154-1d3f-4d82-9694-03215ef41c39",
    "data": [
      {
        "text": "i want to check my sugar levels",
        "userDefined": false
      }
    ],
    "isTemplate": false,
    "count": 0,
    "lang": "en",
    "updated": 0
  },
  {
    "id": "0629e30a-70d5-4184-be56-fa15b70a32b0",
    "data": [
      {
        "text": "want to check my diabetic level",
        "userDefined": false
      }
    ],
    "isTemplate": false,
    "count": 0,
    "lang": "en",
    "updated": 0
  },
  {
    "id": "89c5db9f-955a-47f3-9197-dacd2ae7c0ad",
    "data": [
      {
        "text": "i am new to this lab",
        "userDefined": false
      }
    ],
    "isTemplate": false,
    "count": 0,
    "lang": "en",
    "updated": 0
  }
]