[
  {
    "id": "290621cd-8b5f-4573-8a97-760a82b66a65",
    "data": [
      {
        "text": "mark",
        "meta": "@sys.last-name",
        "alias": "name",
        "userDefined": true
      },
      {
        "text": " , ",
        "userDefined": false
      },
      {
        "text": "60",
        "meta": "@sys.age",
        "alias": "age",
        "userDefined": true
      },
      {
        "text": " , ",
        "userDefined": false
      },
      {
        "text": "9765643567",
        "meta": "@sys.phone-number",
        "alias": "phone-number",
        "userDefined": true
      }
    ],
    "isTemplate": false,
    "count": 0,
    "lang": "en",
    "updated": 0
  },
  {
    "id": "067c1689-0c16-4f5c-a3d6-0f02519b8897",
    "data": [
      {
        "text": "durga",
        "meta": "@sys.last-name",
        "alias": "name",
        "userDefined": true
      },
      {
        "text": " , ",
        "userDefined": false
      },
      {
        "text": "50",
        "meta": "@sys.age",
        "alias": "age",
        "userDefined": true
      },
      {
        "text": " , ",
        "userDefined": false
      },
      {
        "text": "4567690074",
        "meta": "@sys.phone-number",
        "alias": "phone-number",
        "userDefined": true
      }
    ],
    "isTemplate": false,
    "count": 0,
    "lang": "en",
    "updated": 0
  },
  {
    "id": "3246c710-d2ee-48a0-af90-0ce074cf3598",
    "data": [
      {
        "text": "sai",
        "meta": "@sys.last-name",
        "alias": "name",
        "userDefined": true
      },
      {
        "text": " , ",
        "userDefined": false
      },
      {
        "text": "45",
        "meta": "@sys.age",
        "alias": "age",
        "userDefined": true
      },
      {
        "text": " , ",
        "userDefined": false
      },
      {
        "text": "1234567890",
        "meta": "@sys.unit-information-name",
        "alias": "unit-information-name",
        "userDefined": true
      }
    ],
    "isTemplate": false,
    "count": 0,
    "lang": "en",
    "updated": 0
  }
]