[
  {
    "id": "d2e79aba-9140-4942-b60a-38721b89aef1",
    "data": [
      {
        "text": "thank you for providing my reports.",
        "userDefined": false
      }
    ],
    "isTemplate": false,
    "count": 0,
    "lang": "en",
    "updated": 0
  },
  {
    "id": "f636949d-52f2-4882-8ec5-d8feca7478ea",
    "data": [
      {
        "text": "thank you for giving my reports.",
        "userDefined": false
      }
    ],
    "isTemplate": false,
    "count": 0,
    "lang": "en",
    "updated": 0
  },
  {
    "id": "7ce82f2d-6e80-467d-b9ed-ce64a4019c8b",
    "data": [
      {
        "text": "thanks",
        "userDefined": false
      }
    ],
    "isTemplate": false,
    "count": 0,
    "lang": "en",
    "updated": 0
  },
  {
    "id": "bf5ec552-d127-4efe-9354-71be7d3d6569",
    "data": [
      {
        "text": "thank you",
        "userDefined": false
      }
    ],
    "isTemplate": false,
    "count": 0,
    "lang": "en",
    "updated": 0
  },
  {
    "id": "d4e9c55f-750c-4b39-81d3-17ec32699f51",
    "data": [
      {
        "text": "thanks a lot for your advise",
        "userDefined": false
      }
    ],
    "isTemplate": false,
    "count": 0,
    "lang": "en",
    "updated": 0
  }
]