[
  {
    "id": "651ba8f7-659f-449a-9eab-aaaf1da841a0",
    "data": [
      {
        "text": "i need some ",
        "userDefined": false
      },
      {
        "text": "recommendation",
        "meta": "@recom",
        "alias": "recom",
        "userDefined": false
      },
      {
        "text": " based on my reports",
        "userDefined": false
      }
    ],
    "isTemplate": false,
    "count": 0,
    "lang": "en",
    "updated": 0
  },
  {
    "id": "c07a6d09-c31a-4c3e-90db-d7b45e86ba9d",
    "data": [
      {
        "text": "should i have to ",
        "userDefined": false
      },
      {
        "text": "visit",
        "meta": "@visi",
        "alias": "visit",
        "userDefined": true
      },
      {
        "text": " the doctor?",
        "userDefined": false
      }
    ],
    "isTemplate": false,
    "count": 0,
    "lang": "en",
    "updated": 0
  }
]