[
  {
    "id": "60fef809-d08e-49a8-8ad5-19296f965f39",
    "data": [
      {
        "text": "does it take some time?",
        "userDefined": false
      }
    ],
    "isTemplate": false,
    "count": 0,
    "lang": "en",
    "updated": 0
  },
  {
    "id": "6176842c-429e-4bbf-9474-a1b4f86297a5",
    "data": [
      {
        "text": "can i get the reports of the test?",
        "userDefined": false
      }
    ],
    "isTemplate": false,
    "count": 0,
    "lang": "en",
    "updated": 0
  }
]